,_id,summary_fg_n,fber,dummy_trs,gcor,fwhm_x,gsr_y,summary_fg_mean,_created,aor,summary_bg_p95,fwhm_avg,gsr_x,fd_perc,fwhm_z,fwhm_y,summary_bg_stdv,size_t,dvars_vstd,aqi,size_x,summary_fg_stdv,summary_bg_mean,summary_fg_k,efc,summary_bg_median,spacing_y,snr,fd_num,summary_fg_p95,_updated,summary_bg_p05,dvars_std,summary_fg_median,summary_bg_mad,tsnr,summary_fg_p05,spacing_tr,fd_mean,dvars_nstd,summary_bg_k,spacing_x,_etag,size_z,summary_fg_mad,summary_bg_n,spacing_z,size_y,bids_meta_SequenceName,bids_meta_MagneticFieldStrength,bids_meta_ManufacturersModelName,bids_meta_modality,bids_meta_run_id,bids_meta_task_id,bids_meta_TaskName,bids_meta_Manufacturer,bids_meta_FlipAngle,bids_meta_EchoTime,bids_meta_subject_id,bids_meta_RepetitionTime,provenance_md5sum,provenance_settings_fd_thres,provenance_settings_hmc_fsl,provenance_version,provenance_software,_links_self_title,_links_self_href,bids_meta_session_id,bids_meta_ConversionSoftware,bids_meta_EffectiveEchoSpacing,bids_meta_PhaseEncodingDirection,bids_meta_ScanningSequence,bids_meta_CogAtlasID,bids_meta_SliceEncodingDirection,bids_meta_ParallelReductionFactorInPlane,bids_meta_PulseSequenceType,bids_meta_TotalReadoutTime
33,59a5c56d265d2000079e887e,28503,112.14784240000002,0,0.0168888,2.248615619,0.040781915,560.1541137999999,"Tue, 29 Aug 2017 19:50:05 GMT",0.001108583,162.19667969999998,2.283311991,-0.014948274,15.0,1.946664353,2.654656,52.36758423,120,0.980620673,0.007806638,64,142.7358551,65.79681396,0.9064506640000001,0.633426616,48.71667099,3.28125,3.8728205410000003,18,798.40755,"Tue, 29 Aug 2017 19:50:05 GMT",45.69166946,1.135020852,552.8000488,2.9899199010000004,46.62504578,349.2808563,1.0,0.138251522,34.986765399999996,49.46044814,3.28125,6ed38a3fb80489b7f412e115831cb4afd1297336,28,131.432724,57675,4.289999962,64,2D EP,1.0,,bold,,olfactory,Olfactory,Siemens,90.0,0.05,6f6a4e56098cfd9af29e3ae549503b370211a4e94421457fe4cfd39a38a1fa08,2.5,2319589b0777b5f0271255e8e7041927,0.2,False,0.9.7,mriqc,bold,bold/59a5c56d265d2000079e887e,,,,,2D EP,,,,,
34,59a5c580265d2000079e8880,25581,150.5837555,0,0.0197517,2.343832381,0.031513147000000005,652.9609985000001,"Tue, 29 Aug 2017 19:50:24 GMT",0.003532083,106.29167179999999,2.380898311,-0.015178167,50.0,1.9298461709999999,2.8690163810000002,50.54291534,120,1.008125044,0.00846947,64,184.4007416,58.29146957,0.910094547,0.5824467010000001,47.90833664,3.28125,3.4362893339999996,60,971.1417236,"Tue, 29 Aug 2017 19:50:24 GMT",44.38333511,1.0944011999999999,633.666687,2.8787236210000002,40.39110947,397.2750244,1.0,0.223544806,30.05188442,157.7521375,3.28125,de8225af189038f70a482d0bc306b0d7a138d6d5,28,173.3038483,62161,4.289999962,64,2D EP,1.0,,bold,,olfactory,Olfactory,Siemens,90.0,0.05,f37f3f2b0dc57a86dee4ba6ff855283bb4d2f0dea1c5bd1b708853444c2ffcec,2.5,4e9e1a5299bade6857ab737f753818ed,0.2,False,0.9.7,mriqc,bold,bold/59a5c580265d2000079e8880,,,,,2D EP,,,,,
72,59a5c3e5265d2000079e887c,28913,138.8434143,0,0.032005700000000005,2.4376655240000003,0.04528733,662.2888793999999,"Tue, 29 Aug 2017 19:43:33 GMT",0.005173,145.84167480000002,2.481846979,-0.018794468,23.33333333,2.00084151,3.007033905,54.42538834,120,0.98435564,0.006865805,64,208.466629,63.77798843,0.556318958,0.60665127,49.60000229,3.28125,3.0375641,28,1045.873389,"Tue, 29 Aug 2017 19:43:33 GMT",45.62500381,1.0667552820000001,633.2416992000001,3.175239325,40.95137405,372.7316895,1.0,0.14777674,29.13803043,73.66762749,3.28125,de4215206c4f2a2a78da4daf73ff2f95fe6e2afa,28,191.39160159999997,57981,4.289999962,64,2D EP,1.0,,bold,,olfactory,Olfactory,Siemens,90.0,0.05,4b9a7f50c0bb198c6f5414c5a8459f5d216d34ab521ea94c060ea35cac66f900,2.5,9d240586331ffd048bc2d2e02d674b4b,0.2,False,0.9.7,mriqc,bold,bold/59a5c3e5265d2000079e887c,,,,,2D EP,,,,,
211,59a5c5e7265d2000079e8882,25543,141.5674438,0,0.08760830000000001,2.234694095,0.030280279,584.1531372000001,"Tue, 29 Aug 2017 19:52:07 GMT",0.000966917,78.62333679,2.287807895,-0.008212719,10.0,2.001904447,2.626825143,35.70844269,120,0.9952597009999999,0.005705998,64,130.98771670000002,53.13636398,1.36815804,0.597507633,46.08333588,3.28125,4.431881378,12,801.865033,"Tue, 29 Aug 2017 19:52:07 GMT",44.39167023,1.138000429,580.5333862000001,1.643217921,54.76750946,398.25169980000004,1.0,0.113462958,28.96712792,183.0104855,3.28125,7c80024b617da168980b1c0848cd23a97b04a1cc,28,120.12788390000001,62053,4.289999962,64,2D EP,1.0,,bold,,olfactory,Olfactory,Siemens,90.0,0.05,7931aa2a1bed855457d1ddf6bc06ab4406a9fba0579045a4d6ff78f9c07c440f,2.5,0ac92addc0da4765e1021b6cfce3c740,0.2,False,0.9.7,mriqc,bold,bold/59a5c5e7265d2000079e8882,,,,,2D EP,,,,,
265,59a5c562265d200008a1da96,26380,139.236145,0,0.0111412,2.2993889519999997,0.029516894,576.0702514999999,"Tue, 29 Aug 2017 19:49:54 GMT",0.036399417,63.347502899999995,2.349244052,-0.008464316999999999,49.16666667,2.041624727,2.7067184760000003,42.49811172,120,1.110967585,0.025419312000000003,64,139.8734131,51.63816833,1.029296234,0.596742228,45.75000381,3.28125,4.114833473,59,812.6271423,"Tue, 29 Aug 2017 19:49:54 GMT",43.50833511,1.21316847,575.5667114,1.816191196,29.14267921,378.52169039999995,1.0,0.44643674200000005,44.57973453,234.30860409999997,3.28125,8ec8838a4bcfa4ad4295d368a4b0fb22ea1ace62,28,129.5917664,60947,4.289999962,64,2D EP,1.0,,bold,,olfactory,Olfactory,Siemens,90.0,0.05,f1cfa5ebb149e8099d561aae57beed6c68f990f45a910ea9d7b460dbcc5350be,2.5,c1ae039b7294e92f4375cff87a6170c0,0.2,False,0.9.7,mriqc,bold,bold/59a5c562265d200008a1da96,,,,,2D EP,,,,,
290,59a5c558265d200008a1da95,23336,146.5712128,0,0.01188,2.467882667,0.017014017,645.9487305,"Tue, 29 Aug 2017 19:49:44 GMT",0.004754667,102.12500759999999,2.434988715,-0.013416225,43.33333333,1.954825192,2.8822582860000003,38.16391754,120,0.957502388,0.013787127,64,182.8044739,56.43022156,1.700140904,0.57207838,47.8583374,3.28125,3.430892089,52,963.6021271,"Tue, 29 Aug 2017 19:49:44 GMT",43.60000229,1.0041994509999999,627.1958618,3.076400757,33.64229965,383.04585269999995,1.0,0.21803521,29.5789533,141.0936898,3.28125,2ce2b5dcf13b17e0128fbc54a8aaa9b3a1ef1be0,28,156.6616211,64779,4.289999962,64,2D EP,1.0,,bold,,olfactory,Olfactory,Siemens,90.0,0.05,85d6385b945c0d602103db39b0b654b2af93b5127938e26a959c123f0789b948,2.5,22272feb45e96b8269f5538e48050eed,0.2,False,0.9.7,mriqc,bold,bold/59a5c558265d200008a1da95,,,,,2D EP,,,,,
291,59a5c5df265d200008a1da99,26196,139.9382019,0,0.0410031,2.3605028569999997,0.02643547,610.2254028,"Tue, 29 Aug 2017 19:51:59 GMT",0.00461575,100.4058399,2.40418869,-0.011173108000000001,76.66666667,2.088899785,2.7631634289999996,42.20714951,120,0.995346593,0.014969843,64,150.1680603,57.17728043,0.898199654,0.602304388,47.90833664,3.28125,4.033182059,92,857.9396057,"Tue, 29 Aug 2017 19:51:59 GMT",43.6083374,1.117208744,605.666687,3.261726141,35.73261642,383.1021042,1.0,0.334682515,37.59111828,118.8759247,3.28125,61abc2e2fa7dbd5021dffc264ad2970edd0dc41b,28,139.30900569999997,61424,4.289999962,64,2D EP,1.0,,bold,,olfactory,Olfactory,Siemens,90.0,0.05,6c94e35ccc352d4e9ef0b99562cff995a5741ce8de8ad11b568892934daee366,2.5,77c037ec524626cbb541450090fa8351,0.2,False,0.9.7,mriqc,bold,bold/59a5c5df265d200008a1da99,,,,,2D EP,,,,,
358,59a5c580265d200008a1da98,24637,150.4087524,0,0.0194996,2.3603352380000002,0.015839173,638.9251709,"Tue, 29 Aug 2017 19:50:24 GMT",0.0014429170000000002,89.57500458,2.293316656,-0.008236405,27.5,1.7776200619999998,2.7419946669999997,29.64438248,120,1.001860355,0.006586169,64,174.7859497,54.766921999999994,2.32735303,0.580484955,47.15000153,3.28125,3.5418318760000003,33,934.9300537,"Tue, 29 Aug 2017 19:50:24 GMT",45.45833588,1.164558913,619.0750122000001,1.7173469069999998,49.79733276,405.9816895,1.0,0.179560136,35.09651529,66.37686014,3.28125,c5b7fe93a00682f54502e6ac18652aea2f111c62,28,149.063324,62861,4.289999962,64,2D EP,1.0,,bold,,olfactory,Olfactory,Siemens,90.0,0.05,e5e53c784d5d49de1cabb6e904bf3380026aadcb9769775a268dd304dd9aa2df,2.5,e05435421e4bf86fef6977d3741fbdd7,0.2,False,0.9.7,mriqc,bold,bold/59a5c580265d200008a1da98,,,,,2D EP,,,,,
382,59a5c5d2265d2000079e8881,28068,144.876709,0,0.013056,2.482913524,0.033403616000000004,656.5884399,"Tue, 29 Aug 2017 19:51:46 GMT",0.00137925,94.39750214,2.425232496,-0.013549573,29.16666667,1.967958059,2.824825905,45.84010315,120,0.969860732,0.008194185,64,199.9950562,58.09529114,1.6033470890000001,0.5957307239999999,48.76667023,3.28125,3.163459345,35,1008.6179599999999,"Tue, 29 Aug 2017 19:51:46 GMT",46.45833588,1.1025282090000001,632.6875,2.298032284,43.2994194,371.60334930000005,1.0,0.184500655,34.83658388,167.7017291,3.28125,be8386590e948226d937b6b4e659254d625ad7e8,28,175.7872314,58607,4.289999962,64,2D EP,1.0,,bold,,olfactory,Olfactory,Siemens,90.0,0.05,a20a2b7bb0842d5cf8a0c06c626421fd51ec103925c1819a51271f2779afa730,2.5,b4afddfe0b73c78af3aabe2c0270f2b1,0.2,False,0.9.7,mriqc,bold,bold/59a5c5d2265d2000079e8881,,,,,2D EP,,,,,
414,59a5c57d265d2000079e887f,28266,138.4501343,0,0.0350826,2.9614689519999997,0.025028272,469.9591675,"Tue, 29 Aug 2017 19:50:21 GMT",0.007767667,49.21792068,3.0833244239999997,-0.013041303,85.83333333,2.767132892,3.5213714289999998,15.96862793,120,1.006932953,0.016163847,64,200.4841919,36.656482700000005,-0.282647413,0.564392284,33.28333664,3.28125,2.2447135190000003,103,834.1833496,"Tue, 29 Aug 2017 19:50:21 GMT",30.31666756,1.142059751,450.03753660000007,2.149774313,23.48430634,183.40209199999998,1.0,0.538390186,70.22201881,59.18133267,3.28125,620e460264b0cf2fcdb8ce2803f611a9437cfff1,28,212.79049680000003,59298,4.289999962,64,2D EP,1.0,,bold,,olfactory,Olfactory,Siemens,90.0,0.05,96da37e95d5cc34fe3bef6c89428df859b8a217630d0c664da1daf1539caacf5,2.5,73d8e7fbe5882f40ce3e3d7fb58e85e4,0.2,False,0.9.7,mriqc,bold,bold/59a5c57d265d2000079e887f,,,,,2D EP,,,,,
415,59a5c5e9265d200008a1da9a,25583,122.51466370000001,0,0.0126933,2.386334476,0.020903451,590.5686035,"Tue, 29 Aug 2017 19:52:09 GMT",0.00829425,123.187923,2.386403966,-0.000625015,34.16666667,2.00512123,2.76775619,45.64284897,120,1.0208095959999999,0.010840233000000001,64,157.96876530000003,60.5057106,0.270146051,0.60621402,48.45833588,3.28125,3.6576664739999996,41,857.8083801000001,"Tue, 29 Aug 2017 19:52:09 GMT",46.241668700000005,1.101388572,577.8083496,2.199193716,37.55239868,356.90085750000003,1.0,0.262019992,37.91477978,102.3410238,3.28125,2410f99f71bf424167d41bb6ed86ccdd05a452c4,28,156.74813840000002,62584,4.289999962,64,2D EP,1.0,,bold,,olfactory,Olfactory,Siemens,90.0,0.05,7d12ba56e9f8b3dc64f77c87318c4f37bc12cfbf1a37573cdf3e4fa683f20155,2.5,7e5a92ae76e2042592297a1ecf22b057,0.2,False,0.9.7,mriqc,bold,bold/59a5c5e9265d200008a1da9a,,,,,2D EP,,,,,
477,59a5c749265d200008a1daa0,25256,134.85089109999998,0,0.00715592,2.279616,0.020789389,591.9590454,"Tue, 29 Aug 2017 19:58:01 GMT",0.001462333,73.23333740000001,2.313096729,-0.006782164,10.0,1.918209807,2.741464381,28.27381897,120,0.941447859,0.01059261,64,145.44799799999998,52.40794373,0.771552888,0.591557047,46.85000229,3.28125,4.010833218,12,835.9604645,"Tue, 29 Aug 2017 19:58:01 GMT",44.25000381,0.9809088990000001,583.3792114,2.087997437,44.23814011,379.5791779,1.0,0.125705256,26.01860822,265.2896106,3.28125,00c9af1797c6f4435ef9bd17b88ab9cec763ca28,28,136.70214840000003,62099,4.289999962,64,2D EP,1.0,,bold,,olfactory,Olfactory,Siemens,90.0,0.05,72d1b5da6eeaf1789df86487da50ad5e9dadb5ffaecb56b6de592aa286c9c1b8,2.5,8f2510787240fb8740a0f3e451806b48,0.2,False,0.9.7,mriqc,bold,bold/59a5c749265d200008a1daa0,,,,,2D EP,,,,,
500,59a5c562265d2000079e887d,31279,131.1760406,0,0.00957567,2.505289143,0.04344748,702.4368896000001,"Tue, 29 Aug 2017 19:49:54 GMT",0.002723417,155.61667250000002,2.515924289,-0.014294178999999999,11.66666667,2.002151533,3.04033219,58.77597427,120,0.994300575,0.003340981,64,264.85339359999995,69.09211731,0.881313305,0.612631806,52.60000229,3.28125,2.488444001,14,1199.2558470000001,"Tue, 29 Aug 2017 19:49:54 GMT",48.80000305,1.095431543,659.083374,3.9906694889999996,53.58029175,340.10000610000003,1.0,0.115340678,29.12771921,62.15615599,3.28125,43d32198d285a624fed10e382f30d73447cbee2a,28,237.2039642,55216,4.289999962,64,2D EP,1.0,,bold,,olfactory,Olfactory,Siemens,90.0,0.05,77459b9b941bcb4714d0c121313c900ecf30541d158eb2b9b178cdb8eca6457e,2.5,362fdadb78a3c84f324e0437b5a45291,0.2,False,0.9.7,mriqc,bold,bold/59a5c562265d2000079e887d,,,,,2D EP,,,,,
501,59a5c578265d200008a1da97,28101,151.3384705,0,0.0477267,2.292096,0.036457721,640.0404053,"Tue, 29 Aug 2017 19:50:16 GMT",0.003217583,77.15000153,2.299599406,-0.013789333,6.666666667,1.9277506000000002,2.6789516190000002,41.19533157,120,1.0169691459999999,0.0054100680000000005,64,173.03733830000002,54.82084274,0.835132166,0.597798968,47.32500076,3.28125,3.6115840589999997,8,936.1750488,"Tue, 29 Aug 2017 19:50:16 GMT",45.46666718,1.164351867,624.9500122000001,1.8656047580000001,54.91463089,400.23336789999996,1.0,0.103469127,28.46697602,165.4524031,3.28125,1b939636f9ac9c8c703caf968e47df35e093af8c,28,168.8560333,58873,4.289999962,64,2D EP,1.0,,bold,,olfactory,Olfactory,Siemens,90.0,0.05,483029d526219f816e8e8f6a9de07b422633dba180ffc26faac22862a017519f,2.5,8cad4c0fcd7db5adf29d9bb9a15da9ce,0.2,False,0.9.7,mriqc,bold,bold/59a5c578265d200008a1da97,,,,,2D EP,,,,,
533,59a8d07e265d2000079e892e,67174,2220265.75,0,0.013819899999999998,3.516398882,0.006143629,5902.771484000001,"Fri, 01 Sep 2017 03:14:06 GMT",0.002396333,252.38709559999998,3.323446633,-0.013213996,59.16666667,2.270848571,4.183092447,269.3064575,120,0.987480859,0.00813439,128,1339.8397220000002,63.51713562,1.628797999,0.31159467,4.1166667939999995,2.250000477,4.492568988,71,7930.725586,"Fri, 01 Sep 2017 03:14:06 GMT",0.008333334,1.1740602390000001,6019.367188,5.9921846389999995,63.45351410000001,3328.055664,2.5,0.254014807,27.51613878,330.0671803,2.250000715,324d2c50ea647aa54ea267d82ff2a08ff2d6ae14,40,979.8393555,509032,3.5,128,,,,bold,6.0,rest,rest,,,,938db8c9f82c8cb58d3f3ef4fd250036a48d26a712753d2fde5abd03a85cabf4,2.5,1a22e85f7d6cda128689a630860de2d1,0.2,False,0.9.8-1,mriqc,bold,bold/59a8d07e265d2000079e892e,938db8c9f82c8cb58d3f3ef4fd250036a48d26a712753d2fde5abd03a85cabf4,,,,,,,,,
584,59a8d25f265d200008a1db4d,67210,2288777.5,0,0.00946487,3.549492205,0.004926915,5916.908203,"Fri, 01 Sep 2017 03:22:07 GMT",0.000652667,248.7558472,3.348162395,-0.012943946999999999,30.0,2.286751429,4.208243553,252.5117798,120,0.9724999409999999,0.005891873000000001,128,1372.572144,62.26129913,1.537998073,0.310605355,4.075000286,2.250000477,4.393479972,36,8013.683325,"Fri, 01 Sep 2017 03:22:07 GMT",0.008333334,1.198422945,6030.413086,5.955119132999999,78.63813019,3301.25686,2.5,0.160726511,24.57630617,217.5706196,2.250000715,032777ad0d0776cfbc1c967d0a52b1c38d706153,40,1018.189087,508964,3.5,128,,,,bold,5.0,rest,rest,,,,938db8c9f82c8cb58d3f3ef4fd250036a48d26a712753d2fde5abd03a85cabf4,2.5,4c42b99e0e62aee2f564b6c6ff5feebe,0.2,False,0.9.8-1,mriqc,bold,bold/59a8d25f265d200008a1db4d,938db8c9f82c8cb58d3f3ef4fd250036a48d26a712753d2fde5abd03a85cabf4,,,,,,,,,
610,59a8bbbf265d200008a1db4b,67174,2220265.75,0,0.013819899999999998,3.516398882,0.006143629,5902.771484000001,"Fri, 01 Sep 2017 01:45:35 GMT",0.002396333,252.38709559999998,3.323446633,-0.013213996,59.16666667,2.270848571,4.183092447,269.3064575,120,0.987480859,0.00813439,128,1339.8397220000002,63.51713562,1.628797999,0.31159467,4.1166667939999995,2.250000477,4.492568988,71,7930.725586,"Fri, 01 Sep 2017 01:45:35 GMT",0.008333334,1.1740602390000001,6019.367188,5.9921846389999995,63.45351410000001,3328.055664,2.5,0.254014807,27.51613878,330.0671803,2.250000715,29f3259d2e0bf412a866534b52be4c6918b93888,40,979.8393555,509032,3.5,128,,,,bold,6.0,rest,rest,,,,938db8c9f82c8cb58d3f3ef4fd250036a48d26a712753d2fde5abd03a85cabf4,2.5,1a22e85f7d6cda128689a630860de2d1,0.2,False,0.9.8-1,mriqc,bold,bold/59a8bbbf265d200008a1db4b,938db8c9f82c8cb58d3f3ef4fd250036a48d26a712753d2fde5abd03a85cabf4,,,,,,,,,
642,59a8bd7c265d2000079e892d,67210,2288777.5,0,0.00946487,3.549492205,0.004926915,5916.908203,"Fri, 01 Sep 2017 01:53:00 GMT",0.000652667,248.7558472,3.348162395,-0.012943946999999999,30.0,2.286751429,4.208243553,252.5117798,120,0.9724999409999999,0.005891873000000001,128,1372.572144,62.26129913,1.537998073,0.310605355,4.075000286,2.250000477,4.393479972,36,8013.683325,"Fri, 01 Sep 2017 01:53:00 GMT",0.008333334,1.198422945,6030.413086,5.955119132999999,78.63813019,3301.25686,2.5,0.160726511,24.57630617,217.5706196,2.250000715,37c5558b27567f9283fb0993ccb697c95ed33831,40,1018.189087,508964,3.5,128,,,,bold,5.0,rest,rest,,,,938db8c9f82c8cb58d3f3ef4fd250036a48d26a712753d2fde5abd03a85cabf4,2.5,4c42b99e0e62aee2f564b6c6ff5feebe,0.2,False,0.9.8-1,mriqc,bold,bold/59a8bd7c265d2000079e892d,938db8c9f82c8cb58d3f3ef4fd250036a48d26a712753d2fde5abd03a85cabf4,,,,,,,,,
919,59b0a920265d200013142150,38836,1225.170654,0,0.0198847,2.166426667,0.013361881,820.9609375,"Thu, 07 Sep 2017 02:04:16 GMT",0.011852356000000001,53.98653927,2.3169377730000003,0.000894543,46.57534247,2.30538685,2.4789998030000002,29.529537199999996,365,1.054325397,0.030215526,70,147.6631622,29.42045212,3.2967230489999997,0.51221513,22.78882408,3.000000238,5.594481302,170,1038.427124,"Thu, 07 Sep 2017 02:04:16 GMT",18.83746185,1.104066927,826.1094360000001,4.424171448,32.25132369999999,588.4537964,2.200000048,0.317834343,36.07114067,107.5289737,3.0,c38aeb642fef4b011fabd3aae1ad5311e24c88a2,36,122.08348079999999,102994,2.999999762,70,,3.0,Magnetom Trio,bold,2.0,view,Passive Viewing,Siemens,90.0,0.035,3514acf61732f662da19625f7fe781c3e483f2dce8506012f3bb393f5003e105,2.2,50da95dc39efad9e50044ff48d0f2841,0.2,False,0.9.8-1,mriqc,bold,bold/59b0a920265d200013142150,,,,,,,,,single-shot echo-planar,
920,59b0a921265d20001937f855,39159,1207.4061279999999,0,0.014162899999999999,2.168783333,0.01469636,814.9837036,"Thu, 07 Sep 2017 02:04:17 GMT",0.0012426030000000001,55.71472149,2.327141106,0.00025065,64.65753425,2.3074235169999997,2.505216468,31.4093132,365,1.021079116,0.022087309,70,148.983078,29.70422363,3.144592227,0.513700141,22.88637161,3.000000238,5.508875756,236,1034.592078,"Thu, 07 Sep 2017 02:04:17 GMT",18.41093683,1.039850455,820.7397461,4.614786148,37.57629776,575.3505981000001,2.200000048,0.277637736,32.94605456,175.24659259999999,3.0,6764e1a046ebc85633b7a615da7c450532f63228,36,122.4430008,102634,2.999999762,70,,3.0,Magnetom Trio,bold,1.0,view,Passive Viewing,Siemens,90.0,0.035,3514acf61732f662da19625f7fe781c3e483f2dce8506012f3bb393f5003e105,2.2,57a8638535b274947437de05bf369de6,0.2,False,0.9.8-1,mriqc,bold,bold/59b0a921265d20001937f855,,,,,,,,,single-shot echo-planar,
921,59b0a932265d20001937f856,42759,783.1671142999999,0,0.0263534,2.1101666669999997,0.04489189,735.8881226,"Thu, 07 Sep 2017 02:04:34 GMT",0.0035791779999999997,105.23061829999999,2.285399934,-0.001213177,37.53424658,2.25731,2.488723136,54.80729294,365,1.0182756929999999,0.021294145,70,160.81852719999998,39.77636719,1.642777308,0.549771629,25.248909,3.000000238,4.556090557,137,993.614325,"Thu, 07 Sep 2017 02:04:34 GMT",19.06202707,1.041804422,732.7123412999999,7.147535324,30.93656921,468.49817199999995,2.200000048,0.275308955,35.21255949,130.56905559999998,3.0,82a81979f1fe078dcf863010905b4ce257950356,36,133.1212006,98110,3.0,70,,3.0,Magnetom Trio,bold,2.0,view,Passive Viewing,Siemens,90.0,0.035,aacd834b5cdc64a329e27649143406dd068306542988dfc250d6184745894849,2.2,ee5cea427def09c2b0269911884586bd,0.2,False,0.9.8-1,mriqc,bold,bold/59b0a932265d20001937f856,,,,,,,,,single-shot echo-planar,
922,59b0a934265d200013142151,38122,1253.026489,0,0.031629700000000004,2.201143333,0.01520142,815.5534667999999,"Thu, 07 Sep 2017 02:04:36 GMT",0.008762561,54.35549927,2.365202216,0.002102274,65.96491228,2.328596852,2.5658664630000003,27.16038132,285,0.98177333,0.045157231,70,145.4723511,29.09247971,2.817509943,0.507589761,22.52873611,3.000000238,5.659121241,188,1028.685791,"Thu, 07 Sep 2017 02:04:36 GMT",18.19146395,1.026869372,823.2564697,4.557364464,27.56376648,568.0194611000001,2.200000048,0.573152099,46.21460971,96.0704094,3.0,9776cde00a23542ebf73a85432212d14ee374e48,36,119.9825592,103866,2.999999762,70,,3.0,Magnetom Trio,bold,1.0,functionallocalizer,Functional localizer,Siemens,90.0,0.035,3514acf61732f662da19625f7fe781c3e483f2dce8506012f3bb393f5003e105,2.2,e23bca7ff61aafce2b5c65ad7db05075,0.2,False,0.9.8-1,mriqc,bold,bold/59b0a934265d200013142151,,,,,,,,,single-shot echo-planar,
923,59b0a93c265d200013142152,45235,775.6626587000001,0,0.00759428,2.174466667,0.031588838,725.1055908,"Thu, 07 Sep 2017 02:04:44 GMT",0.007064027,100.8522423,2.325004444,-0.0034237440000000003,32.60273973,2.227526667,2.57302,53.81785965,365,0.998617155,0.02867863,70,156.94644169999998,39.08793259,1.711167483,0.56051089,25.08457184,3.0,4.613106262,119,975.1891418,"Thu, 07 Sep 2017 02:04:44 GMT",19.20612202,0.98795626,724.0186157,6.619519234,25.43671417,459.774234,2.200000048,0.37038194799999996,38.07338172,121.9079771,3.0,5204af4b23780a4f2b9e25846c7e18907e7491d7,36,127.891098,94572,3.0,70,,3.0,Magnetom Trio,bold,1.0,view,Passive Viewing,Siemens,90.0,0.035,aacd834b5cdc64a329e27649143406dd068306542988dfc250d6184745894849,2.2,a5ef6e131f62eb7dd341bf834696dcc1,0.2,False,0.9.8-1,mriqc,bold,bold/59b0a93c265d200013142152,,,,,,,,,single-shot echo-planar,
924,59b0a943265d200013142153,45472,872.006958,0,0.166689,2.0628666669999998,0.035863023,791.8692017000001,"Thu, 07 Sep 2017 02:04:51 GMT",0.000610192,102.9263783,2.271612222,-0.0016660689999999998,19.726027399999996,2.203123333,2.548846667,42.03814316,365,0.95616,0.013138548,70,174.1440582,38.01074219,1.567048262,0.557065562,25.37381172,3.0,4.496928963,72,1083.812677,"Thu, 07 Sep 2017 02:04:51 GMT",20.51555204,0.994350443,783.1220703,5.273599625,32.36764526,526.5134705,2.200000048,0.162040229,32.67133307,61.11674564,3.0,2612051cb6c89b369157c95455f8d123555bc0de,36,144.04132080000002,94616,3.0,70,,3.0,Magnetom Trio,bold,2.0,view,Passive Viewing,Siemens,90.0,0.035,0b8efa5a3bf104413a725c6ff0459a6be12b1fd33314cbb138745baf39504ae5,2.2,b384dd11589905e15808fb48b7ba3d7c,0.2,False,0.9.8-1,mriqc,bold,bold/59b0a943265d200013142153,,,,,,,,,single-shot echo-planar,
925,59b0a944265d20001937f857,43597,783.6412964,0,0.0118116,2.1552133330000003,0.042465668,740.8020019999999,"Thu, 07 Sep 2017 02:04:52 GMT",0.005632877,110.3775497,2.321962154,-0.0026908970000000003,39.64912281,2.2395333330000002,2.5711397959999998,54.61937332,285,0.990297781,0.027377127,70,162.2310181,40.62207794,1.7119355840000001,0.553616816,25.41423035,3.000000238,4.55486081,113,998.7164062,"Thu, 07 Sep 2017 02:04:52 GMT",19.44625397,0.986815529,738.9481812000001,6.932765007,27.50800705,472.96520999999996,2.200000048,0.304137647,35.96623838,121.8908146,3.0,d8cd136bbb9152ccfacc0244e2d0f9d95ff2c01d,36,134.0345154,97057,3.0,70,,3.0,Magnetom Trio,bold,1.0,functionallocalizer,Functional localizer,Siemens,90.0,0.035,aacd834b5cdc64a329e27649143406dd068306542988dfc250d6184745894849,2.2,17a5ae004352f14c426f820e5ca6a808,0.2,False,0.9.8-1,mriqc,bold,bold/59b0a944265d20001937f857,,,,,,,,,single-shot echo-planar,
926,59b0a946265d200013142154,45538,926.0803222999999,0,0.00672823,2.0862733330000003,0.033252683,805.2683716,"Thu, 07 Sep 2017 02:04:54 GMT",0.002229205,98.38831139,2.292621111,-0.001752371,8.767123287999999,2.2052,2.58639,39.01022339,365,0.989808404,0.017110537,70,172.7947845,37.15607834,1.696919495,0.55561842,25.13959885,3.0,4.6108135169999995,32,1097.431732,"Thu, 07 Sep 2017 02:04:54 GMT",20.17103472,1.017438619,796.7332763999999,5.2253623010000005,36.54533386,543.2044463999999,2.200000048,0.11134469699999999,30.37789226,50.49835925,3.0,c8ddce9d53cca1d81ba8ad5ce578d0f961007830,36,141.9216614,94408,3.0,70,,3.0,Magnetom Trio,bold,1.0,view,Passive Viewing,Siemens,90.0,0.035,0b8efa5a3bf104413a725c6ff0459a6be12b1fd33314cbb138745baf39504ae5,2.2,019e3cc3ff6bad7eedb4ae2f8cc86a8a,0.2,False,0.9.8-1,mriqc,bold,bold/59b0a946265d200013142154,,,,,,,,,single-shot echo-planar,
927,59b0a946265d20001937f858,45430,871.8497925,0,0.022122799999999998,2.0724,0.037888516000000004,788.3807373,"Thu, 07 Sep 2017 02:04:54 GMT",0.004944634,106.6470764,2.280905556,-0.002712842,21.64634146,2.209696667,2.56062,45.07496643,328,1.0460471040000001,0.01416758,70,173.3891907,38.67702103,1.4945894919999998,0.558173618,25.30360603,3.0,4.494542125,71,1082.877502,"Thu, 07 Sep 2017 02:04:54 GMT",20.24365578,1.074612334,779.3135986000001,5.531007767,36.65718842,526.9135284,2.200000048,0.160247527,32.64463521,82.46099476,3.0,46785fe8852a44358e7dd05c68cb23e319a692d3,36,145.0266113,94577,3.0,70,,3.0,Magnetom Trio,bold,1.0,functionallocalizer,Functional localizer,Siemens,90.0,0.035,0b8efa5a3bf104413a725c6ff0459a6be12b1fd33314cbb138745baf39504ae5,2.2,1daf829f05bb2556079c3a8200fc66be,0.2,False,0.9.8-1,mriqc,bold,bold/59b0a946265d20001937f858,,,,,,,,,single-shot echo-planar,
929,59b0a96e265d20001937f859,41701,883.0249023,0,0.012095100000000001,2.108923333,0.0259094,740.8432617000001,"Thu, 07 Sep 2017 02:05:34 GMT",0.001971644,79.34346771,2.257280988,-0.001039877,12.05479452,2.219509824,2.443409806,37.66317368,365,1.008727966,0.015719462,70,170.5660858,33.89664841,1.5275034269999999,0.534934177,23.71877289,3.000000238,4.321369335,44,1019.808655,"Thu, 07 Sep 2017 02:05:34 GMT",18.57152557,1.050386885,737.0878906,5.67861557,34.43243408,468.6099548,2.200000048,0.10268453400000001,31.14919377,87.0433132,3.0,5790b7eb60200afe949eed515713045a1864e488,36,145.7909088,98661,3.000000238,70,,3.0,Magnetom Trio,bold,2.0,view,Passive Viewing,Siemens,90.0,0.035,6cd5b6e51936a442b973660c21553dd22bd72ddc8751132a943475288113b4c0,2.2,b1174b6d3006971684b12adb31edb16c,0.2,False,0.9.8-1,mriqc,bold,bold/59b0a96e265d20001937f859,,,,,,,,,single-shot echo-planar,
930,59b0a970265d200013142156,41479,877.6594848999999,0,0.0580265,2.0663866669999997,0.026359746,742.7717896,"Thu, 07 Sep 2017 02:05:36 GMT",0.002211018,78.59735947,2.217189879,-0.001290692,9.122807018,2.176896494,2.408286475,38.82062912,285,1.0036447640000001,0.013345107,70,167.9532928,33.87214279,1.517763293,0.53423748,23.71708298,3.000000238,4.391309024,26,1019.027332,"Thu, 07 Sep 2017 02:05:36 GMT",19.09783955,1.036620347,737.5437012,5.112775803,36.48274612,482.8112915,2.200000048,0.092582455,30.47474173,90.3790675,3.0,d4c4a9d30713dbddedfd76fbd6a86c49db88bda0,36,144.8973999,98899,3.000000238,70,,3.0,Magnetom Trio,bold,1.0,functionallocalizer,Functional localizer,Siemens,90.0,0.035,6cd5b6e51936a442b973660c21553dd22bd72ddc8751132a943475288113b4c0,2.2,149b914500557b6f5294bc0a984bc64d,0.2,False,0.9.8-1,mriqc,bold,bold/59b0a970265d200013142156,,,,,,,,,single-shot echo-planar,
931,59b0a972265d20001937f85a,41670,870.1066894999999,0,0.016356299999999997,2.09923,0.026019411,740.5081177000001,"Thu, 07 Sep 2017 02:05:38 GMT",0.002386849,76.40747528,2.246320988,-0.000221677,7.945205479,2.203099825,2.43663314,36.93408203,365,1.071768467,0.013287505,70,168.9807129,33.48358154,1.525700183,0.533749854,23.86261749,3.000000238,4.361582871,29,1016.445273,"Thu, 07 Sep 2017 02:05:38 GMT",18.65914621,1.039231415,737.0322266,5.619250298,37.30215454,472.13435819999995,2.200000048,0.098445929,30.89810171,88.71443527,3.0,f3e012a133e2ed1e0b0051b78c514101528b0db5,36,144.7371521,98730,3.000000238,70,,3.0,Magnetom Trio,bold,1.0,view,Passive Viewing,Siemens,90.0,0.035,6cd5b6e51936a442b973660c21553dd22bd72ddc8751132a943475288113b4c0,2.2,5d3c493533234f35e54128090a84191c,0.2,False,0.9.8-1,mriqc,bold,bold/59b0a972265d20001937f85a,,,,,,,,,single-shot echo-planar,
932,59b0a9f3265d200013142159,39795,939.9246826,0,0.0103019,2.156136495,0.022771059,736.4915771000001,"Thu, 07 Sep 2017 02:07:47 GMT",0.0016000270000000002,68.2537262,2.266387663,0.000487558,3.287671233,2.166636494,2.4763900000000003,42.39476776,365,0.941441645,0.018896488,70,158.3403168,32.90028763,2.8644110639999996,0.526046776,23.21421051,3.0,4.645131364,12,978.3103394,"Thu, 07 Sep 2017 02:07:47 GMT",18.84556065,0.945355836,735.520813,4.653093815,36.81613541,470.63869630000005,2.200000048,0.125283594,30.27897101,138.019096,3.000000238,6f97906020e95554119a1bd39c0d65a99c569ca1,36,117.0446777,101023,3.000000238,70,,3.0,Magnetom Trio,bold,2.0,view,Passive Viewing,Siemens,90.0,0.035,938db8c9f82c8cb58d3f3ef4fd250036a48d26a712753d2fde5abd03a85cabf4,2.2,0c3c45ad681f94423e0383f08cb7ab94,0.2,False,0.9.8-1,mriqc,bold,bold/59b0a9f3265d200013142159,,,,,,,,,single-shot echo-planar,
933,59b0a9fa265d20001937f85e,39806,951.5388793999999,0,0.021961,2.180239827,0.023927305,733.0402832000001,"Thu, 07 Sep 2017 02:07:54 GMT",0.000871205,66.63933716,2.300419884,-7.070000000000001e-05,4.109589041,2.190096493,2.530923333,40.44216919,365,0.95011061,0.022388803,70,157.853241,32.41740799,2.618447166,0.5253764479999999,22.99223709,3.0,4.637001918999999,15,976.2959900000001,"Thu, 07 Sep 2017 02:07:54 GMT",18.5789547,0.936905573,731.9749756,4.611289978,33.18160629,468.13809969999994,2.200000048,0.075667154,28.31634513,144.80294519999998,3.000000238,7f18be1422c9af8c664af6a6e377fc9568f6950e,36,117.6348114,101057,3.000000238,70,,3.0,Magnetom Trio,bold,1.0,view,Passive Viewing,Siemens,90.0,0.035,938db8c9f82c8cb58d3f3ef4fd250036a48d26a712753d2fde5abd03a85cabf4,2.2,0d0bc3e2ccca22a4f394a4d6cad05f71,0.2,False,0.9.8-1,mriqc,bold,bold/59b0a9fa265d20001937f85e,,,,,,,,,single-shot echo-planar,
934,59b0aa08265d20001314215a,39491,939.986145,0,0.0101521,2.107176499,0.022582026,738.4441528,"Thu, 07 Sep 2017 02:08:08 GMT",0.001117622,71.03745499,2.210038777,-8.149999999999999e-05,3.0487804880000002,2.104883166,2.4180566669999997,44.37595367,328,1.386587976,0.011384693999999999,70,155.22631840000003,33.41040039,2.683320407,0.526137478,23.20946884,3.0,4.740931343,10,979.4541016000001,"Thu, 07 Sep 2017 02:08:08 GMT",18.92393742,1.038165559,735.9266357000001,4.614041328,44.75786972,482.2662964,2.200000048,0.074170995,29.64815639,133.037259,3.000000238,59187f5874adbe39875831fcef5fd632f02f0d9d,36,116.6600952,101307,3.000000238,70,,3.0,Magnetom Trio,bold,1.0,functionallocalizer,Functional localizer,Siemens,90.0,0.035,938db8c9f82c8cb58d3f3ef4fd250036a48d26a712753d2fde5abd03a85cabf4,2.2,2d885a3ed92019f06460d5e2b1a1ae35,0.2,False,0.9.8-1,mriqc,bold,bold/59b0aa08265d20001314215a,,,,,,,,,single-shot echo-planar,
935,59b0aa61265d20001314215b,43306,911.3002319,0,0.014757399999999999,2.0733666669999997,0.02624307,739.9868164,"Thu, 07 Sep 2017 02:09:37 GMT",0.000725425,75.40590744,2.224634444,-0.001956891,8.767123287999999,2.2193,2.381236667,40.67301178,365,0.964900405,0.015380129,70,157.3725739,32.91411591,1.153925574,0.5400516470000001,23.01292801,3.0,4.639588053,32,1002.3054050000001,"Thu, 07 Sep 2017 02:09:37 GMT",18.43704157,1.040838548,730.1523437999999,4.93385601,38.16218185,513.2652893000001,2.200000048,0.11512294699999999,32.47349641,124.78259469999999,3.0,8ac7c5b9a066811444db64e1b4739333df46da2e,36,146.2875671,97824,3.0,70,,3.0,Magnetom Trio,bold,2.0,view,Passive Viewing,Siemens,90.0,0.035,19b100ab7725c612f3d80ff203ca53cea5cadaafae3bf0f88f0fb4089fe08815,2.2,3a5cf54255412e9fc87324c7c113210b,0.2,False,0.9.8-1,mriqc,bold,bold/59b0aa61265d20001314215b,,,,,,,,,single-shot echo-planar,
936,59b0aa69265d20001937f85f,41236,915.5635376,0,0.011876399999999999,2.176283333,0.041216809,834.8225097999999,"Thu, 07 Sep 2017 02:09:45 GMT",0.000643193,141.96553500000002,2.308586541,-0.0017368070000000002,2.105263158,2.189509826,2.5599664630000003,65.92068481,285,1.009191663,0.006358631,70,194.92837519999998,45.23261261,1.6468484330000002,0.544293373,26.35398865,3.000000238,4.281418534,6,1138.362,"Thu, 07 Sep 2017 02:09:45 GMT",20.86515932,1.035011133,834.5800781,6.413273811,48.73096085,501.35588839999997,2.200000048,0.112557163,28.46322279,81.02523849,3.0,2a8a870ae0f8d41fecb930d1bc9f50294753323e,36,158.2864838,98920,3.000000238,70,,3.0,Magnetom Trio,bold,1.0,functionallocalizer,Functional localizer,Siemens,90.0,0.035,c97550ce8213ef5cf6ed4ba48790c137df3ef6a5da20b48961001a634b6cead2,2.2,dc755dacfcb636158b2fb4e465b426f6,0.2,False,0.9.8-1,mriqc,bold,bold/59b0aa69265d20001937f85f,,,,,,,,,single-shot echo-planar,
937,59b0aa69265d20001314215c,43031,931.2667236,0,0.014583700000000002,2.070956667,0.025591541000000002,736.6022339,"Thu, 07 Sep 2017 02:09:45 GMT",0.002768055,71.78567505,2.215754444,-0.0014999420000000002,3.835616438,2.200993333,2.3753133330000002,37.55603789999999,365,1.014198469,0.015390285,70,156.14060969999997,32.05696106,1.1801007209999999,0.538280768,22.70736885,3.0,4.655858619,14,996.5853576999999,"Thu, 07 Sep 2017 02:09:45 GMT",18.28598633,1.05834753,726.9770507999999,4.769365788,37.53541565,511.0400391,2.200000048,0.114515956,32.61292929,117.89377420000001,3.0,110fc78e7a753d78c5fa54854f99e31749171c3b,36,144.9837341,98245,3.0,70,,3.0,Magnetom Trio,bold,1.0,view,Passive Viewing,Siemens,90.0,0.035,19b100ab7725c612f3d80ff203ca53cea5cadaafae3bf0f88f0fb4089fe08815,2.2,47dec681a43d5f636ed5a6c3fe009f08,0.2,False,0.9.8-1,mriqc,bold,bold/59b0aa69265d20001314215c,,,,,,,,,single-shot echo-planar,
938,59b0aa6a265d20001937f860,41248,900.1455687999999,0,0.0160357,2.1882933330000003,0.041153755,829.2492065,"Thu, 07 Sep 2017 02:09:46 GMT",0.00037824699999999996,142.5427971,2.320743207,-0.0018062929999999998,8.493150685,2.200336492,2.573599795,65.90878296,365,0.99151475,0.008217819,70,197.5317688,45.45258331,1.6293637859999999,0.544581406,26.46458054,3.000000238,4.202633831,31,1134.276764,"Thu, 07 Sep 2017 02:09:46 GMT",20.90950317,1.014298932,830.1637572999999,6.370389938,44.14187622,483.9929413,2.200000048,0.111290963,28.58332144,75.5464927,3.0,d02f347b6452575b2677f778f1d59816a5fa8321,36,159.2285309,99090,3.000000238,70,,3.0,Magnetom Trio,bold,2.0,view,Passive Viewing,Siemens,90.0,0.035,c97550ce8213ef5cf6ed4ba48790c137df3ef6a5da20b48961001a634b6cead2,2.2,d6224cd54fc11ced0cde57e976473d50,0.2,False,0.9.8-1,mriqc,bold,bold/59b0aa6a265d20001937f860,,,,,,,,,single-shot echo-planar,
939,59b0aa6a265d20001314215d,40991,905.578125,0,0.0156513,2.208603333,0.037963834,818.2418213,"Thu, 07 Sep 2017 02:09:46 GMT",0.00034482199999999995,129.96866459999998,2.338378762,-0.000403231,0.8219178079999999,2.208119825,2.5984131269999997,62.26279831,365,0.9780708220000001,0.008109345,70,195.54379269999998,43.5139389,1.655602473,0.542265545,26.00424957,3.000000238,4.186981814,3,1121.95575,"Thu, 07 Sep 2017 02:09:46 GMT",20.44423561,1.000698482,818.748291,6.415391922,43.27688599,476.85412599999995,2.200000048,0.071867693,28.35230354,80.52545481,3.0,c3b0bd778a69ae46fa6f1d51ea97ab108080407f,36,157.9837341,99123,3.000000238,70,,3.0,Magnetom Trio,bold,1.0,view,Passive Viewing,Siemens,90.0,0.035,c97550ce8213ef5cf6ed4ba48790c137df3ef6a5da20b48961001a634b6cead2,2.2,089abf94447b13ce470ca1f4e47bce14,0.2,False,0.9.8-1,mriqc,bold,bold/59b0aa6a265d20001314215d,,,,,,,,,single-shot echo-planar,
940,59b0aa72265d20001937f861,43231,914.9243163999998,0,0.0121262,2.051846667,0.025981199,738.7890625,"Thu, 07 Sep 2017 02:09:54 GMT",0.0035896490000000003,76.91491699,2.198397778,-0.001994735,8.070175439,2.1899566669999997,2.35339,39.3140831,285,1.279049368,0.010043533,70,157.0976868,32.9317894,1.170098672,0.540511219,22.94228172,3.0,4.63701398,23,1000.347168,"Thu, 07 Sep 2017 02:09:54 GMT",18.46661243,1.131759344,728.4725952,4.796725273,43.73804855,512.2739868,2.200000048,0.11975093199999999,32.26127628,98.09692069,3.0,5fbefea5aad5132dec64525a7af898adf9bff952,36,144.806015,97955,3.0,70,,3.0,Magnetom Trio,bold,1.0,functionallocalizer,Functional localizer,Siemens,90.0,0.035,19b100ab7725c612f3d80ff203ca53cea5cadaafae3bf0f88f0fb4089fe08815,2.2,976d2249b9c027afb5dadd15664f8511,0.2,False,0.9.8-1,mriqc,bold,bold/59b0aa72265d20001937f861,,,,,,,,,single-shot echo-planar,
941,59b0aa83265d20001314215e,44746,818.2504882999999,0,0.0111295,2.00925,0.036385793,770.0377197,"Thu, 07 Sep 2017 02:10:11 GMT",0.0006572980000000001,128.84359740000002,2.257543274,-0.0012452189999999999,4.561403509,2.256593154,2.506786667,62.80984497,285,0.981036646,0.015905597,70,163.67056269999998,44.57035065,2.569776239,0.563737235,26.12250519,3.0,4.740063349,13,1018.461792,"Thu, 07 Sep 2017 02:10:11 GMT",20.51021576,0.9974784809999999,775.8175049,6.283498764,38.60643387,488.6460495,2.200000048,0.098521914,30.52894336,82.96962342,3.0,6c20383403d62dad515f35b0d1e4095815100be0,36,125.2282639,95961,3.000000238,70,,3.0,Magnetom Trio,bold,1.0,functionallocalizer,Functional localizer,Siemens,90.0,0.035,323783be9a53a31e158ec9600626a4703e99f4e183bc1acb8772cbdf5c3a1ece,2.2,e7deec70731e7901b077db1cf90196b4,0.2,False,0.9.8-1,mriqc,bold,bold/59b0aa83265d20001314215e,,,,,,,,,single-shot echo-planar,
942,59b0aa83265d20001937f862,43762,829.1091918999999,0,0.0208172,2.003583333,0.040261593,763.0557861000001,"Thu, 07 Sep 2017 02:10:11 GMT",0.0014759729999999998,124.1955261,2.254357712,0.0006649389999999999,4.931506849,2.258956667,2.500533135,61.0918541,365,1.013636462,0.011867506000000002,70,160.64767460000002,43.36337279999999,2.5769345280000002,0.558073821,25.68680191,3.000000238,4.779580971000001,18,1007.0317380000001,"Thu, 07 Sep 2017 02:10:11 GMT",20.74332056,1.0429025920000001,767.8373412999999,5.610466002999999,41.589649200000004,487.8711655,2.200000048,0.099739849,30.96058582,83.69696984,3.0,7d4d69a2debc4505b0dafba580f8aac962d348c9,36,122.64610290000002,97144,3.0,70,,3.0,Magnetom Trio,bold,2.0,view,Passive Viewing,Siemens,90.0,0.035,323783be9a53a31e158ec9600626a4703e99f4e183bc1acb8772cbdf5c3a1ece,2.2,f707f45df4e34e54c88cbd0e47a8f126,0.2,False,0.9.8-1,mriqc,bold,bold/59b0aa83265d20001937f862,,,,,,,,,single-shot echo-planar,
943,59b0aa83265d20001314215f,43539,858.9854736,0,0.0114078,2.026066667,0.034971617,758.5205687999999,"Thu, 07 Sep 2017 02:10:11 GMT",0.002101151,110.4472733,2.294904377,0.003952865,13.15068493,2.3050233330000003,2.55362313,51.86632156,365,0.976287978,0.022669441000000002,70,159.205719,40.73830414,2.501872763,0.554407776,25.22974205,3.000000238,4.793788286,48,999.1527466,"Thu, 07 Sep 2017 02:10:11 GMT",20.03200302,0.994981679,763.2072754,5.691564082999999,31.98125076,483.39996339999993,2.200000048,0.136585083,31.55277916,59.9724054,3.0,75478a832206e37aa810f2b7869bab20d728ef3c,36,122.4139557,97339,3.0,70,,3.0,Magnetom Trio,bold,1.0,view,Passive Viewing,Siemens,90.0,0.035,323783be9a53a31e158ec9600626a4703e99f4e183bc1acb8772cbdf5c3a1ece,2.2,f6fcfbc6374cbf70799938f0a33d4499,0.2,False,0.9.8-1,mriqc,bold,bold/59b0aa83265d20001314215f,,,,,,,,,single-shot echo-planar,
945,59b0ac3e265d20001937f867,37158,955.5537720000001,0,0.0134969,2.08816,0.01509459,733.6122437000001,"Thu, 07 Sep 2017 02:17:34 GMT",0.000897342,64.05119705,2.254603399,0.002048884,8.493150685,2.20831,2.467340196,31.03617668,365,1.026204953,0.009896035,70,156.5772247,30.89863586,2.163364555,0.509788551,22.9419651,2.999999762,4.692251831,31,969.8070282,"Thu, 07 Sep 2017 02:17:34 GMT",18.66263771,1.044019964,734.7096558,4.585457325,43.45445633,474.5389374,2.200000048,0.131885983,31.15580203,69.57980211,3.0,4b16ef7ef60a3ffad8f2b74e99118098b6322d81,36,131.0661469,104931,3.0,70,,3.0,Magnetom Trio,bold,2.0,view,Passive Viewing,Siemens,90.0,0.035,4a44dc15364204a80fe80e9039455cc1608281820fe2b24f1e5233ade6af1dd5,2.2,81b7eaa56a6f3c8bcc60ca349aeb6fcd,0.2,False,0.9.8-1,mriqc,bold,bold/59b0ac3e265d20001937f867,,,,,,,,,single-shot echo-planar,
946,59b0ac46265d200013142162,36829,969.336792,0,0.0103974,2.07713,0.015617245,733.085022,"Thu, 07 Sep 2017 02:17:42 GMT",0.001080521,62.12983894,2.2531433990000003,0.002804173,3.835616438,2.2130099999999997,2.4692901959999998,30.97299194,365,0.962169717,0.015500392,70,152.42619319999997,30.67392349,2.137318661,0.508848426,22.72566414,2.999999762,4.809055335,14,963.2096436,"Thu, 07 Sep 2017 02:17:42 GMT",18.78464699,0.998327788,733.0359497000001,4.317881583999999,37.15903854,483.853894,2.200000048,0.103185836,30.72137416,70.89968551,3.0,9b957d4e525baa79d345f6ce01da5f41f8851c64,36,130.0800629,105391,3.0,70,,3.0,Magnetom Trio,bold,1.0,view,Passive Viewing,Siemens,90.0,0.035,4a44dc15364204a80fe80e9039455cc1608281820fe2b24f1e5233ade6af1dd5,2.2,6c984767a9e70910b787eba5d093d12d,0.2,False,0.9.8-1,mriqc,bold,bold/59b0ac46265d200013142162,,,,,,,,,single-shot echo-planar,
947,59b0ac54265d20001937f868,37107,958.8702392999999,1,0.00695099,2.078023333,0.015560756,737.9135742000001,"Thu, 07 Sep 2017 02:17:56 GMT",0.000720528,65.20195007,2.246262287,0.0015349489999999999,6.338028168999999,2.2027099999999997,2.458053529,31.73756981,284,1.298343758,0.011059821000000001,70,154.1354675,31.11260796,2.209570621,0.510125953,22.86522102,2.999999762,4.786598607,18,970.4368103,"Thu, 07 Sep 2017 02:17:56 GMT",18.67399025,1.025992335,737.7945557,4.495755672,42.39051056,489.78609309999996,2.200000048,0.11387083699999999,31.33736455,68.11808524,3.0,e53e203a016fd8ae53f8c1d87cf405bce2852bb3,36,130.1002502,104901,3.0,70,,3.0,Magnetom Trio,bold,1.0,functionallocalizer,Functional localizer,Siemens,90.0,0.035,4a44dc15364204a80fe80e9039455cc1608281820fe2b24f1e5233ade6af1dd5,2.2,a3eb9af2126c1e24c12862e29b342943,0.2,False,0.9.8-1,mriqc,bold,bold/59b0ac54265d20001937f868,,,,,,,,,single-shot echo-planar,
948,59b0ac6d265d200013142163,47997,826.4694214,0,0.023158500000000002,1.9558633330000001,0.029991509,753.3336792,"Thu, 07 Sep 2017 02:18:21 GMT",0.0015440820000000002,90.20645142,2.144721111,0.004611609,13.42465753,2.153503333,2.3247966669999998,38.49764633,365,0.936425941,0.024056342,70,161.0321045,36.20003128,1.49731766,0.568524809,24.82133865,3.0,4.604782321,49,1026.258911,"Thu, 07 Sep 2017 02:18:21 GMT",19.708907699999997,0.9961743890000001,741.5255127,5.759245396,30.79752159,525.1502808,2.200000048,0.165720507,35.53530567,55.06581341,3.0,b6ec13d639349a2a581f91e4e857b9fb45d9abd0,36,141.2834625,92389,3.0,70,,3.0,Magnetom Trio,bold,2.0,view,Passive Viewing,Siemens,90.0,0.035,4fc82b26aecb47d2868c4efbe3581732a3e7cbcc6c2efb32062c08170a05eeb8,2.2,33e488b4352d755239f064ccb0f458ac,0.2,False,0.9.8-1,mriqc,bold,bold/59b0ac6d265d200013142163,,,,,,,,,single-shot echo-planar,
949,59b0ac76265d20001937f869,48308,813.8347778,0,0.0120848,1.9934599999999998,0.031130711000000002,745.2133789,"Thu, 07 Sep 2017 02:18:30 GMT",0.0012263839999999999,91.95134506,2.171417778,0.004109768,15.61643836,2.164753333,2.35604,41.79594803,365,0.927210627,0.028039919,70,160.09758,36.76643372,1.5271259209999999,0.570833115,24.78333664,3.0,4.586219508,57,1017.135397,"Thu, 07 Sep 2017 02:18:30 GMT",19.66727982,0.970569337,734.2502441,5.832693099999999,27.25961876,517.8607116999999,2.200000048,0.181934365,35.01789534,80.38475525,3.0,d7db9bf08bc3b3f9e254a10314ae77b4577207af,36,139.8322144,91863,3.0,70,,3.0,Magnetom Trio,bold,1.0,view,Passive Viewing,Siemens,90.0,0.035,4fc82b26aecb47d2868c4efbe3581732a3e7cbcc6c2efb32062c08170a05eeb8,2.2,3df9df14665480cfd4a3d0b5832edea9,0.2,False,0.9.8-1,mriqc,bold,bold/59b0ac76265d20001937f869,,,,,,,,,single-shot echo-planar,
950,59b0ac80265d200013142164,49368,781.4228516,1,0.010073700000000001,1.992493333,0.027811482999999998,743.9851685,"Thu, 07 Sep 2017 02:18:40 GMT",0.005557465,95.163591,2.175225556,0.002470532,19.36619718,2.18744,2.345743333,38.98065948,284,0.991722414,0.023538279,70,164.78904719999997,37.09749603,1.494715374,0.575119302,25.20959282,3.0,4.451541753,55,1022.433441,"Thu, 07 Sep 2017 02:18:40 GMT",20.062872600000002,1.062942572,733.5727539,5.621797085,29.44389343,504.46792300000004,2.200000048,0.197931313,37.02823203,34.42357195,3.0,e45963a9762e6fa7b3c482a4349930dda459f9b0,36,141.8496704,90954,3.0,70,,3.0,Magnetom Trio,bold,1.0,functionallocalizer,Functional localizer,Siemens,90.0,0.035,4fc82b26aecb47d2868c4efbe3581732a3e7cbcc6c2efb32062c08170a05eeb8,2.2,3837140f8ff4013756119f796eb3fb55,0.2,False,0.9.8-1,mriqc,bold,bold/59b0ac80265d200013142164,,,,,,,,,single-shot echo-planar,
951,59b0ac81265d20001937f86a,40564,768.2383423,0,0.0086748,1.9968533330000002,0.033755932,758.7598877,"Thu, 07 Sep 2017 02:18:41 GMT",0.000436849,113.83589170000002,2.174558889,0.011095935,9.04109589,2.085973333,2.44085,61.82023239,365,0.991061967,0.009522663,70,173.71456909999998,43.06128693,1.5353281,0.540731936,26.03499985,3.0,4.301258986000001,33,1052.8923519999998,"Thu, 07 Sep 2017 02:18:41 GMT",20.99515457,1.036475212,747.2005615,5.873427867999999,40.32912827,491.93031619999994,2.200000048,0.12832838300000002,33.52842171,67.29468019,3.0,00d01ea4acfcdcf485998543a5493acb5009dc72,36,143.3182068,100977,3.0,70,,3.0,Magnetom Trio,bold,2.0,view,Passive Viewing,Siemens,90.0,0.035,a953f09a1b6b6725b81956e9ad0b1eb49e3ad40004c04307ef8af6246a054116,2.2,fefe3e2f04492fee79c1f44ed1466e00,0.2,False,0.9.8-1,mriqc,bold,bold/59b0ac81265d20001937f86a,,,,,,,,,single-shot echo-planar,
952,59b0ac83265d200013142165,40652,784.6948852999999,0,0.00688121,2.02317,0.032992173,757.6130371,"Thu, 07 Sep 2017 02:18:43 GMT",0.0018116439999999998,105.66305159999999,2.202341111,0.011636455,10.4109589,2.1160666669999997,2.467786667,60.322830200000006,365,1.44457363,0.015041428999999999,70,174.2239838,41.85871124,1.481164476,0.539221663,25.77616501,3.0,4.291428791,38,1049.005872,"Thu, 07 Sep 2017 02:18:43 GMT",19.23782749,1.016570538,747.6790161,6.75070858,34.82291794,485.3988403,2.200000048,0.123512645,33.31309836,70.37813023,3.0,6a125c9f7f003e7386721b8c016c2cbb0d7b96b3,36,144.63230900000002,100839,3.0,70,,3.0,Magnetom Trio,bold,1.0,view,Passive Viewing,Siemens,90.0,0.035,a953f09a1b6b6725b81956e9ad0b1eb49e3ad40004c04307ef8af6246a054116,2.2,df7d671094a215102264bf8c3b63b4be,0.2,False,0.9.8-1,mriqc,bold,bold/59b0ac83265d200013142165,,,,,,,,,single-shot echo-planar,
953,59b0ac84265d20001937f86b,40770,763.130188,0,0.00504374,2.02792,0.033986732,760.2821045,"Thu, 07 Sep 2017 02:18:44 GMT",0.001610335,116.36558490000002,2.210212222,0.010344701999999999,15.54878049,2.1251,2.477616667,61.80660629,328,1.245212728,0.01266999,70,174.7923889,43.58008194,1.461169718,0.5424664370000001,26.14299965,3.0,4.285526193,51,1055.235504,"Thu, 07 Sep 2017 02:18:44 GMT",20.58142529,1.028523718,749.0865478999999,6.193662643,35.90382767,490.1683762,2.200000048,0.134764296,33.1559575,65.67280027,3.0,dc27f4a958028853155b681370eb97fc397280f3,36,145.16918950000002,100590,3.0,70,,3.0,Magnetom Trio,bold,1.0,functionallocalizer,Functional localizer,Siemens,90.0,0.035,a953f09a1b6b6725b81956e9ad0b1eb49e3ad40004c04307ef8af6246a054116,2.2,d63a451e324a5ca0f71c15ee6c1fb0ad,0.2,False,0.9.8-1,mriqc,bold,bold/59b0ac84265d20001937f86b,,,,,,,,,single-shot echo-planar,
